,institucion,filas_en_plan
0,Secretaría Ejecutiva del Sistema Nacional Anticorrupción (SESNA),30
1,Instituto Mexicano de la Juventud (IMJUVE),1
2,Comisión Nacional de Arbitraje Médico (CONAMED),6
3,"Televisión Metropolitana, S.A de C.V (Canal 22)",0
4,Instituto Nacional de Lenguas Indígenas (INALI),1
5,Instituto Nacional de Bellas Artes y Literatura (INBAL),0
6,Fondo Nacional para el Fomento de las Artesanías (FONART),0
7,"Centro de Capacitación Cinematográfica, A.C. (CCC)",8
8,"Estudios Churubusco Azteca, S.A. (ECHASA)",2
9,Instituto Nacional del Derecho de Autor (INDAUTOR),8
10,Radio Educación (ERADIO),2
11,Instituto Nacional de Estudios Históricos de las Revoluciones de México (INEHRM),12
12,Secretaría Anticorrupción y Buen Gobierno (SABG),27
13,Comisión Reguladora de Telecomunicaciones (CRT),27
14,"Instituto Nacional de Psiquiatría ""Ramón de la Fuente Muñiz"" (INPRFM)",17
15,Secretaría de las Mujeres,41
16,Productora Nacional de Biológicos Veterinarios (PRONABIVE),2
17,Instituto Nacional para la Educación de los Adultos (INEA),12
18,Instituto de Seguridad y Servicios Sociales de los Trabajadores del Estado (ISSSTE),42
19,Consejo Nacional para Prevenir la Discriminación (CONAPRED),3
20,Procuraduría Federal del Consumidor (PROFECO),7
21,"El Colegio de la Frontera Norte, A.C (COLEF)",15
22,Comisión Nacional Forestal (CONAFOR),9
23,Servicio de Protección Federal (SPF),4
24,Servicio de Administración Tributaria (SAT),13
25,"Servicio Nacional de Sanidad, Inocuidad y Calidad Agroalimentaria (SENASICA)",74
26,Comisión Nacional de Energía (CNE),5
27,Secretaría del Trabajo y Previsión Social (STPS),41
28,Centro Nacional para la Prevención y el Control del VIH/SIDA (CENSIDA),1
29,Sistema Público de Radiodifusión del Estado Mexicano (SPR),12
30,Autoridad Educativa Federal en la Ciudad de México (AEFCM),27
31,Tecnológico Nacional de México (TecNM),5
32,Secretaría de Educación Pública (SEP),7
33,"Instituto Nacional de Ciencias Médicas y Nutrición ""Salvador Zubirán"" (INCMNSZ)",9
34,Agencia de Transformación Digital y Telecomunicaciones (ATDT),20
35,Centro Nacional de Trasplantes (CENATRA),4
36,Comisión Nacional de los Salarios Mínimos (CONASAMI),5
37,"Impresora y Encuadernadora Progreso, S.A de C.V (IEPSA)",6
38,Instituto Mexicano de Tecnología del Agua (IMTA),10
39,Comisión Nacional para el Uso Eficiente de la Energía (CONUEE),2
40,Comisión Nacional de Acuacultura y Pesca (CONAPESCA),14
41,Centro Federal de Conciliación y Registro Laboral (CFCRL),12
42,Sistema Nacional para el Desarrollo Integral de la Familia (SNDIF),4
43,Instituto Nacional de Migración (INM),7
44,Agencia Mexicana de Cooperación Internacional para el Desarrollo (AMEXCID),3
45,Comisión Nacional de Bioética (CONBIOÉTICA),2
46,Transparencia para el Pueblo (TP),2
47,Instituto Mexicano del Transporte (IMT),5
48,"Hospital Infantil de México ""Federico Gómez"" (HIMFG)",7
49,Instituto para la Protección al Ahorro Bancario (IPAB),14
50,Casa de Moneda de México (CMM),4
51,Aeropuerto Internacional de la Ciudad de México (AICM),2
52,Procuraduría Federal de Protección al Ambiente (PROFEPA),18
53,"Administración del Sistema Portuario Nacional Salina Cruz, S.A de C.V (ASIPONA SALINA CRUZ)",7
54,Comisión Ejecutiva de Atención a Víctimas (CEAV),8
55,Servicio Postal Mexicano (SEPOMEX),14
56,Secretaría de Seguridad y Protección Ciudadana (SSPC),6
57,"FONATUR Infraestructura, S.A de C.V",1
58,Colegio de Postgraduados (COLPOS),9
59,"Secretaría de Desarrollo Agrario, Territorial y Urbano (SEDATU)",0
60,Secretaría de Salud,17
61,"Secretaría de Infraestructura, Comunicaciones y Transportes (SICT)",2
62,Alimentación para el Bienestar S.A. de C.V. (ALIMENTACION BIENESTAR),8
63,Instituto Politécnico Nacional (IPN),7
64,Centro Nacional de Metrología (CENAM),5
65,Instituto Nacional de Ecología y Cambio Climático (INECC),3
66,"Agencia de Seguridad, Energía y Ambiente (ASEA)",3
67,Instituto Nacional de la Economía Social (INAES),3
68,Secretaría de Hacienda y Crédito Público (SHCP),68
69,Secretaría de Marina (SEMAR),123
70,"Administración del Sistema Portuario Nacional Topolobampo, S.A. de C.V. (ASIPONA TOPOLOBAMPO)",4
71,Instituto Nacional de Geriatría (INGER),1
72,Caminos y Puentes Federales de Ingresos y Servicios Conexos (CAPUFE),16
73,Instituto de Mexicanas y Mexicanos en el Exterior (IMME),2
74,Instituto Matías Romero (IMR),5
75,Secretaría de Relaciones Exteriores (SRE),36
76,Archivo General de la Nación (AGN),30
77,INFOTEC Centro de Investigación e Innovación en Tecnologías de la Información y Comunicación (INFOTEC),5
78,"Secretaría de Ciencia, Humanidades, Tecnología e Innovación (SECIHTI)",21
79,Administración del Patrimonio de la Beneficencia Pública (APBP),2
80,Instituto Nacional de Investigaciones Nucleares (ININ),2
81,Instituto Mexicano de la Propiedad Industrial (IMPI),14
82,Fideicomiso de Fomento Minero (FIFOMI),3
83,"Instituto Nacional de Rehabilitación ""Luis Guillermo Ibarra Ibarra"" (INR)",6
84,Universidad Pedagógica Nacional (UPN),14
85,Instituto Nacional de los Pueblos Indígenas (INPI),18
86,Petróleos Mexicanos (PEMEX),39
87,Servicio Geológico Mexicano (SGM),5
88,"Centro de Investigación Científica y de Educación Superior de Ensenada, Baja California (CICESE)",7
89,Hospital Juárez de México (HJM),5
90,Procuraduría Federal de la Defensa del Trabajo (PROFEDET),9
91,Instituto de Seguridad Social para las Fuerzas Armadas Mexicanas (ISSFAM),34
92,"Secretaría Ejecutiva del Sistema Nacional de Protección Integral de Niñas, Niños y Adolescentes (SIPINNA)",2
93,Comisión Federal de Electricidad (CFE),8
94,Centro de Investigación en Química Aplicada (CIQA),4
95,Seguridad Alimentaria Mexicana (SEGALMEX),3
96,Corredor Interoceánico del Istmo de Tehuantepec (CIIT),1
97,"Centro de Investigaciones Biológicas del Noroeste, S.C (CIBNOR)",9
98,Prevención y Reinserción Social (PRS),1
99,Instituto Nacional de Electricidad y Energías Limpias (INEEL),3
100,Instituto Mexicano de Cinematografía (IMCINE),12
101,Centro de Investigación y de Estudios Avanzados del Instituto Politécnico Nacional (CINVESTAV),2
102,Centro de Ingeniería y Desarrollo Industrial (CIDESI),2
103,"Centro de Investigación en Matemáticas, A.C (CIMAT",1
104,Secretaría de Energía (SENER),62
105,"Banco del Bienestar, S.N.C. (BABIEN)",10
106,Comisión Nacional para la Protección y Defensa de los Usuarios de Servicios Financieros (CONDUSEF),15
107,"Tren Maya, S.A de C.V",1
108,"Centro de Investigación y Docencia Económicas, A.C (CIDE)",7
109,"Instituto de Investigaciones ""Dr José María Luis Mora""",7
110,Instituto Nacional de Salud Pública (INSP),1
111,Agencia de Trenes y Transporte Público Integrado (ATTRAPI),4
112,"Administración del Sistema Portuario Nacional Mazatlán, S.A de C.V (ASIPONA MAZATLÁN)",6
113,Colegio Nacional de Educación Profesional Técnica (CONALEP),13
114,Comisión de Operación y Fomento de Actividades Académicas del Instituto Politécnico Nacional (COFAA IPN),16
115,El Colegio de la Frontera Sur (ECOSUR),6
116,Instituto Nacional de Pediatría (INP),1
117,"Instituto Nacional de Cardiología ""Ignacio Chávez"" (INCICH)",1
118,Unidad del Sistema para la Carrera de las Maestras y los Maestros (USICAMM),19
119,Fideicomisos Instituidos en Relación con la Agricultura (FIRA),5
120,"Centros de Integración Juvenil, A.C (CIJ)",5
121,Procuraduría de la Defensa del Contribuyente (PRODECON),6
122,Instituto para Devolver al Pueblo lo Robado (INDEP),11
123,"AGROASEMEX, S.A",3
124,Comisión Nacional del Agua (CONAGUA),2
125,Fideicomiso Fondo Nacional de Fomento Ejidal (FIFONAFE),4
126,"Administración del Sistema Portuario Nacional Ensenada, S.A de C.V (ASIPONA ENSENADA)",5
127,Organismo Promotor de Inversiones en Telecomunicaciones (PROMTEL),2
128,Patronato de Obras e Instalaciones del Instituto Politécnico Nacional (POI IPN),2
129,Secretaría de la Defensa Nacional (SEDENA),28
130,Secretaría de Economía (SE),14
131,Fondo de Capitalización e Inversión del Sector Rural (FOCIR),6
132,"Centro Nacional de Equidad de Género, Salud Sexual y Reproductiva (CNEGSR)",6
133,Instituto del Fondo Nacional para el Consumo de los Trabajadores (FONACOT),6
134,Financiera para el Bienestar (FINABIEN),3
135,"El Colegio de San Luis, A.C (COLSAN)",10
136,Comité Nacional para el Desarrollo Sustentable de la Caña de Azúcar (CONADESUCA),5
137,"Instituto Nacional de Astrofísica, Óptica y Electrónica (INAOE)",12
138,"Administración del Sistema Portuario Nacional Dos Bocas, S.A de C.V (ASIPONA DOS BOCAS)",3
139,Comisión Nacional de Áreas Naturales Protegidas (CONANP),5
140,"Exportadora de Sal, S.A de C.V (ESSA)",1
141,"Grupo Aeroportuario, Ferroviario, de Servicios Auxiliares y Conexos, Olmeca-Maya-Mexica, S.A de C.V (GAFSACOMM)",10
142,Instituto para el Desarrollo Técnico de las Haciendas Públicas (INDETEC),2
143,Servicios de Salud del Instituto Mexicano del Seguro Social para el Bienestar (IMSS-BIENESTAR),2
144,Colegio Superior Agropecuario del Estado de Guerrero (CSAEGRO),9
145,Instituto de Administración y Avalúos de Bienes Nacionales (INDAABIN),24
146,"CIATEC, A.C. ""Centro de Innovación Aplicada en Tecnologías Competitivas"" (CIATEC)",6
147,Coordinación Nacional de Becas para el Bienestar Benito Juárez (CNBBBJ),3
148,Fondo para el Desarrollo de Recursos Humanos (FIDERH),2
